section,german,english
1. Perfekt (past tense),haben,to have (auxiliary)
1. Perfekt (past tense),sein,to be (auxiliary)
1. Perfekt (past tense),gegangen,gone (past participle)
1. Perfekt (past tense),gekommen,come (past participle)
1. Perfekt (past tense),gemacht,done / made (past participle)
1. Perfekt (past tense),gesehen,seen (past participle)
1. Perfekt (past tense),gegessen,eaten (past participle)
1. Perfekt (past tense),getrunken,drunk (past participle)
1. Perfekt (past tense),geschrieben,written (past participle)
1. Perfekt (past tense),gelesen,read (past participle)
1. Perfekt (past tense),gefahren,driven / traveled (past participle)
1. Perfekt (past tense),geflogen,flown (past participle)
1. Perfekt (past tense),genommen,taken (past participle)
1. Perfekt (past tense),gegeben,given (past participle)
1. Perfekt (past tense),gekauft,bought (past participle)
1. Perfekt (past tense),verkauft,sold (past participle)
1. Perfekt (past tense),gebracht,brought (past participle)
1. Perfekt (past tense),geholt,fetched / picked up (past participle)
1. Perfekt (past tense),geputzt,cleaned (past participle)
1. Perfekt (past tense),gewaschen,washed (past participle)
1. Perfekt (past tense),gekocht,cooked (past participle)
1. Perfekt (past tense),gebacken,baked (past participle)
1. Perfekt (past tense),geöffnet,opened (past participle)
1. Perfekt (past tense),geschlossen,closed (past participle)
1. Perfekt (past tense),geantwortet,answered (past participle)
1. Perfekt (past tense),gefragt,asked (past participle)
1. Perfekt (past tense),gehört,heard (past participle)
1. Perfekt (past tense),gesagt,said (past participle)
1. Perfekt (past tense),erzählt,told (past participle)
1. Perfekt (past tense),gelernt,learned (past participle)
1. Perfekt (past tense),gearbeitet,worked (past participle)
1. Perfekt (past tense),gespielt,played (past participle)
1. Perfekt (past tense),gewonnen,won (past participle)
1. Perfekt (past tense),verloren,lost (past participle)
1. Perfekt (past tense),gefunden,found (past participle)
1. Perfekt (past tense),gesucht,searched / looked for (past participle)
1. Perfekt (past tense),geholfen,helped (past participle)
1. Perfekt (past tense),gekannt,known (past participle)
1. Perfekt (past tense),getroffen,met (past participle)
1. Perfekt (past tense),geblieben,stayed (past participle)
1. Perfekt (past tense),geworden,become (past participle)
1. Perfekt (past tense),gestorben,died (past participle)
1. Perfekt (past tense),geboren,born (past participle)
1. Perfekt (past tense),gezogen,moved (past participle)
1. Perfekt (past tense),eingeladen,invited (past participle)
1. Perfekt (past tense),eingeschlafen,fallen asleep (past participle)
1. Perfekt (past tense),aufgestanden,gotten up (past participle)
1. Perfekt (past tense),gestern,yesterday
1. Perfekt (past tense),vorgestern,day before yesterday
1. Perfekt (past tense),schon,already
1. Perfekt (past tense),noch nicht,not yet
1. Perfekt (past tense),gerade,just / right now
1. Perfekt (past tense),noch,still / yet
1. Perfekt (past tense),nie,never
1. Perfekt (past tense),einmal,once
1. Perfekt (past tense),zweimal,twice
1. Perfekt (past tense),Ich habe … gemacht,I have done …
1. Perfekt (past tense),Ich bin … gegangen,I have gone …
2. Präteritum (simple past),war,was (past of sein)
2. Präteritum (simple past),waren,were (past of sein)
2. Präteritum (simple past),hatte,had (past of haben)
2. Präteritum (simple past),hatten,had (plural past of haben)
2. Präteritum (simple past),wurde,became / was (past of werden)
2. Präteritum (simple past),wurden,became / were (plural)
2. Präteritum (simple past),konnte,could (past of können)
2. Präteritum (simple past),konnten,could (plural)
2. Präteritum (simple past),musste,had to (past of müssen)
2. Präteritum (simple past),mussten,had to (plural)
2. Präteritum (simple past),wollte,wanted (past of wollen)
2. Präteritum (simple past),wollten,wanted (plural)
2. Präteritum (simple past),sollte,should / was supposed to (past of sollen)
2. Präteritum (simple past),durfte,was allowed to (past of dürfen)
2. Präteritum (simple past),wusste,knew (past of wissen)
2. Präteritum (simple past),ging,went (past of gehen)
2. Präteritum (simple past),kam,came (past of kommen)
2. Präteritum (simple past),sagte,said (past of sagen)
2. Präteritum (simple past),machte,made / did (past of machen)
2. Präteritum (simple past),gab,gave (past of geben)
2. Präteritum (simple past),nahm,took (past of nehmen)
2. Präteritum (simple past),stand,stood (past of stehen)
2. Präteritum (simple past),saß,sat (past of sitzen)
2. Präteritum (simple past),lag,lay (past of liegen)
2. Präteritum (simple past),fand,found (past of finden)
2. Präteritum (simple past),dachte,thought (past of denken)
2. Präteritum (simple past),brachte,brought (past of bringen)
2. Präteritum (simple past),fragte,asked (past of fragen)
2. Präteritum (simple past),antwortete,answered (past of antworten)
3. Future & werden,werden,to become / will (future auxiliary)
3. Future & werden,ich werde …,I will …
3. Future & werden,bald,soon
3. Future & werden,später,later
3. Future & werden,in einer Stunde,in an hour
3. Future & werden,nächstes Jahr,next year
3. Future & werden,nächste Woche,next week
3. Future & werden,planen,to plan
3. Future & werden,vorbereiten,to prepare
3. Future & werden,versprechen,to promise
4. Reflexive verbs,sich waschen,to wash oneself
4. Reflexive verbs,sich anziehen,to get dressed
4. Reflexive verbs,sich ausziehen,to get undressed
4. Reflexive verbs,sich ausruhen,to rest
4. Reflexive verbs,sich freuen,to be glad / look forward
4. Reflexive verbs,sich interessieren,to be interested
4. Reflexive verbs,sich erinnern,to remember
4. Reflexive verbs,sich vorstellen,to introduce oneself / imagine
4. Reflexive verbs,sich beeilen,to hurry
4. Reflexive verbs,sich fühlen,to feel
4. Reflexive verbs,sich setzen,to sit down
4. Reflexive verbs,sich legen,to lie down
4. Reflexive verbs,sich treffen,to meet (each other)
4. Reflexive verbs,sich ärgern,to be annoyed
4. Reflexive verbs,sich langweilen,to be bored
4. Reflexive verbs,sich entscheiden,to decide
4. Reflexive verbs,sich entschuldigen,to apologize
4. Reflexive verbs,sich vorstellen (Dative),to introduce (someone)
4. Reflexive verbs,sich bedanken,to thank
4. Reflexive verbs,sich informieren,to inform oneself
4. Reflexive verbs,sich vorbereiten,to prepare oneself
4. Reflexive verbs,sich verlieben,to fall in love
4. Reflexive verbs,sich trennen,to separate / break up
4. Reflexive verbs,sich verabreden,to make an appointment
4. Reflexive verbs,sich irren,to be mistaken
4. Reflexive verbs,sich gewöhnen,to get used to
4. Reflexive verbs,sich konzentrieren,to concentrate
4. Reflexive verbs,sich erholen,to recover / relax
4. Reflexive verbs,sich verletzen,to injure oneself
4. Reflexive verbs,sich rasieren,to shave
4. Reflexive verbs,sich die Haare kämmen,to comb one's hair
4. Reflexive verbs,sich die Zähne putzen,to brush one's teeth
5. Comparisons & quantity,größer,bigger
5. Comparisons & quantity,kleiner,smaller
5. Comparisons & quantity,besser,better
5. Comparisons & quantity,schlechter,worse
5. Comparisons & quantity,schneller,faster
5. Comparisons & quantity,langsamer,slower
5. Comparisons & quantity,teurer,more expensive
5. Comparisons & quantity,billiger,cheaper
5. Comparisons & quantity,älter,older
5. Comparisons & quantity,jünger,younger
5. Comparisons & quantity,länger,longer
5. Comparisons & quantity,kürzer,shorter
5. Comparisons & quantity,höher,higher / taller
5. Comparisons & quantity,niedriger,lower
5. Comparisons & quantity,stärker,stronger
5. Comparisons & quantity,schwächer,weaker
5. Comparisons & quantity,am besten,best (superlative)
5. Comparisons & quantity,am schlechtesten,worst
5. Comparisons & quantity,am größten,biggest
5. Comparisons & quantity,am wichtigsten,most important
5. Comparisons & quantity,als,than
5. Comparisons & quantity,so … wie,as … as
5. Comparisons & quantity,je … desto,the … the …
5. Comparisons & quantity,viel,much / a lot
5. Comparisons & quantity,wenig,little / few
5. Comparisons & quantity,mehr,more
5. Comparisons & quantity,weniger,less
5. Comparisons & quantity,am meisten,most
5. Comparisons & quantity,genug,enough
5. Comparisons & quantity,zu viel,too much
5. Comparisons & quantity,zu wenig,too little
6. Dative case,mir,me (dative)
6. Dative case,dir,you (dative)
6. Dative case,ihm,him (dative)
6. Dative case,ihr,her (dative)
6. Dative case,uns,us (dative)
6. Dative case,euch,you all (dative)
6. Dative case,ihnen,them (dative)
6. Dative case,Ihnen,you (formal dative)
6. Dative case,dem Mann,the man (dative)
6. Dative case,der Frau,the woman (dative)
6. Dative case,dem Kind,the child (dative)
6. Dative case,den Kindern,the children (dative)
6. Dative case,helfen,to help (+ dative)
6. Dative case,danken,to thank (+ dative)
6. Dative case,gehören,to belong to (+ dative)
6. Dative case,gefallen,to please / like (+ dative)
6. Dative case,passen,to fit / suit (+ dative)
6. Dative case,folgen,to follow (+ dative)
6. Dative case,antworten,to answer (+ dative)
6. Dative case,gratulieren,to congratulate (+ dative)
6. Dative case,vertrauen,to trust (+ dative)
6. Dative case,fehlen,to be missing / lack (+ dative)
6. Dative case,schmecken,to taste (+ dative)
6. Dative case,glücken,to succeed (+ dative)
6. Dative case,empfehlen,to recommend (+ dative)
6. Dative case,erlauben,to allow (+ dative)
6. Dative case,verbieten,to forbid (+ dative)
6. Dative case,erklären,to explain (+ dative)
6. Dative case,zeigen,to show (+ dative)
6. Dative case,geben,to give (+ dative)
7. Dative prepositions,mit,with
7. Dative prepositions,nach,after / to (city or country)
7. Dative prepositions,aus,from / out of
7. Dative prepositions,bei,at / near / with
7. Dative prepositions,von,from / of
7. Dative prepositions,zu,to (person or event)
7. Dative prepositions,seit,since / for (time)
7. Dative prepositions,gegenüber,opposite / across from
7. Dative prepositions,ab,from (starting point)
7. Dative prepositions,außer,except / besides
7. Dative prepositions,während,during
7. Dative prepositions,trotz,in spite of (+ genitive common at A2)
7. Dative prepositions,wegen,because of (+ genitive)
8. Accusative prepositions,durch,through
8. Accusative prepositions,für,for
8. Accusative prepositions,gegen,against
8. Accusative prepositions,ohne,without
8. Accusative prepositions,um,around / at (time)
8. Accusative prepositions,bis,until / up to
8. Accusative prepositions,entlang,along
9. Two-way prepositions (Wechselpräpositionen),in,in / into
9. Two-way prepositions (Wechselpräpositionen),an,at / on
9. Two-way prepositions (Wechselpräpositionen),auf,on / onto
9. Two-way prepositions (Wechselpräpositionen),über,over / about
9. Two-way prepositions (Wechselpräpositionen),unter,under
9. Two-way prepositions (Wechselpräpositionen),vor,in front of / before
9. Two-way prepositions (Wechselpräpositionen),hinter,behind
9. Two-way prepositions (Wechselpräpositionen),neben,beside / next to
9. Two-way prepositions (Wechselpräpositionen),zwischen,between
9. Two-way prepositions (Wechselpräpositionen),Wo? (Dativ),Where? (static location)
9. Two-way prepositions (Wechselpräpositionen),Wohin? (Akkusativ),Where to? (direction)
10. Modal verbs (expanded),können,to be able to / can
10. Modal verbs (expanded),müssen,to have to / must
10. Modal verbs (expanded),wollen,to want to
10. Modal verbs (expanded),sollen,should / be supposed to
10. Modal verbs (expanded),dürfen,to be allowed to / may
10. Modal verbs (expanded),mögen,to like
10. Modal verbs (expanded),möchten,would like to
10. Modal verbs (expanded),haben … müssen,had to
10. Modal verbs (expanded),haben … können,could / was able to
10. Modal verbs (expanded),haben … wollen,wanted to
11. Separable verbs,anfangen,to begin
11. Separable verbs,aufstehen,to get up
11. Separable verbs,aufhören,to stop
11. Separable verbs,einkaufen,to shop
11. Separable verbs,ausgehen,to go out
11. Separable verbs,mitkommen,to come along
11. Separable verbs,mitbringen,to bring along
11. Separable verbs,mitnehmen,to take along
11. Separable verbs,anrufen,to call (phone)
11. Separable verbs,abholen,to pick up
11. Separable verbs,zurückkommen,to come back
11. Separable verbs,zurückgeben,to give back
11. Separable verbs,einladen,to invite
11. Separable verbs,fernsehen,to watch TV
11. Separable verbs,mitmachen,to participate
11. Separable verbs,vorbereiten,to prepare
11. Separable verbs,weggehen,to go away
11. Separable verbs,herkommen,to come here
11. Separable verbs,hinfallen,to fall down
11. Separable verbs,anmelden,to register / sign up
11. Separable verbs,abmelden,to deregister / log out
11. Separable verbs,einchecken,to check in
11. Separable verbs,auschecken,to check out
11. Separable verbs,umsteigen,to change (transport)
11. Separable verbs,einsteigen,to get on / board
11. Separable verbs,aussteigen,to get off
11. Separable verbs,anbieten,to offer
11. Separable verbs,absagen,to cancel
11. Separable verbs,aufpassen,to pay attention / look after
11. Separable verbs,mitarbeiten,to collaborate
11. Separable verbs,herunterladen,to download
11. Separable verbs,hochladen,to upload
11. Separable verbs,anmachen,to turn on
11. Separable verbs,ausmachen,to turn off
12. Inseparable prefix verbs,bekommen,to receive / get
12. Inseparable prefix verbs,verstehen,to understand
12. Inseparable prefix verbs,vergessen,to forget
12. Inseparable prefix verbs,verlieren,to lose
12. Inseparable prefix verbs,verkaufen,to sell
12. Inseparable prefix verbs,erklären,to explain
12. Inseparable prefix verbs,erzählen,to tell
12. Inseparable prefix verbs,erleben,to experience
12. Inseparable prefix verbs,erkennen,to recognize
12. Inseparable prefix verbs,erhalten,to receive
12. Inseparable prefix verbs,empfehlen,to recommend
12. Inseparable prefix verbs,empfangen,to receive
12. Inseparable prefix verbs,entdecken,to discover
12. Inseparable prefix verbs,entstehen,to arise / develop
12. Inseparable prefix verbs,entscheiden,to decide
12. Inseparable prefix verbs,entschuldigen,to excuse
12. Inseparable prefix verbs,beenden,to finish / end
12. Inseparable prefix verbs,besuchen,to visit
12. Inseparable prefix verbs,besichtigen,to sightsee / tour
12. Inseparable prefix verbs,beschreiben,to describe
12. Inseparable prefix verbs,bestellen,to order
12. Inseparable prefix verbs,bestätigen,to confirm
12. Inseparable prefix verbs,bezahlen,to pay
12. Inseparable prefix verbs,bedeuten,to mean
12. Inseparable prefix verbs,begründen,to justify
13. Conjunctions & clauses,weil,because
13. Conjunctions & clauses,dass,that (conjunction)
13. Conjunctions & clauses,wenn,if / when (conditional)
13. Conjunctions & clauses,ob,whether
13. Conjunctions & clauses,als,when (past) / as
13. Conjunctions & clauses,obwohl,although
13. Conjunctions & clauses,deshalb,therefore
13. Conjunctions & clauses,trotzdem,nevertheless
13. Conjunctions & clauses,damit,so that
13. Conjunctions & clauses,bevor,before
13. Conjunctions & clauses,nachdem,after
13. Conjunctions & clauses,bis,until
13. Conjunctions & clauses,seitdem,since then
13. Conjunctions & clauses,während,while
13. Conjunctions & clauses,indem,by (doing)
13. Conjunctions & clauses,entweder … oder,either … or
13. Conjunctions & clauses,weder … noch,neither … nor
13. Conjunctions & clauses,sowohl … als auch,both … and
13. Conjunctions & clauses,je nach,depending on
13. Conjunctions & clauses,außer dass,except that
14. Health & body,Kopfschmerzen,headache
14. Health & body,Rückenschmerzen,back pain
14. Health & body,Bauchschmerzen,stomach ache
14. Health & body,Fieber,fever
14. Health & body,Husten,cough
14. Health & body,Schnupfen,cold (runny nose)
14. Health & body,Erkältung,cold (illness)
14. Health & body,Grippe,flu
14. Health & body,Allergie,allergy
14. Health & body,Verletzung,injury
14. Health & body,Wunde,wound
14. Health & body,Schmerzen,pain
14. Health & body,Übelkeit,nausea
14. Health & body,Blut,blood
14. Health & body,Atem,breath
14. Health & body,Herz,heart
14. Health & body,Lunge,lung
14. Health & body,Magen,stomach
14. Health & body,Rücken,back
14. Health & body,Bauch,belly / abdomen
14. Health & body,Hals,throat / neck
14. Health & body,Schulter,shoulder
14. Health & body,Ellbogen,elbow
14. Health & body,Knie,knee
14. Health & body,Knöchel,ankle
14. Health & body,Zehe,toe
14. Health & body,Haut,skin
14. Health & body,krank,sick
14. Health & body,gesund,healthy
14. Health & body,schwanger,pregnant
14. Health & body,müde,tired
14. Health & body,fit,fit
14. Health & body,Arzt,doctor (male)
14. Health & body,Ärztin,doctor (female)
14. Health & body,Krankenschwester,nurse (female)
14. Health & body,Krankenhaus,hospital
14. Health & body,Apotheke,pharmacy
14. Health & body,Medikament,medicine / medication
14. Health & body,Tablette,pill / tablet
14. Health & body,Rezept,prescription
14. Health & body,Termin,appointment
14. Health & body,Untersuchung,examination
14. Health & body,Impfung,vaccination
14. Health & body,Notfall,emergency
14. Health & body,Erste Hilfe,first aid
14. Health & body,sich fühlen,to feel
14. Health & body,sich erholen,to recover
14. Health & body,heilen,to heal
14. Health & body,behandeln,to treat
14. Health & body,untersuchen,to examine
15. Work & career,Beruf,profession / job
15. Work & career,Stelle,position / job
15. Work & career,Arbeitsplatz,workplace
15. Work & career,Arbeitszeit,working hours
15. Work & career,Teilzeit,part-time
15. Work & career,Vollzeit,full-time
15. Work & career,Überstunden,overtime
15. Work & career,Pause,break
15. Work & career,Kollege,colleague (male)
15. Work & career,Kollegin,colleague (female)
15. Work & career,Chef,boss (male)
15. Work & career,Chefin,boss (female)
15. Work & career,Mitarbeiter,employee (male)
15. Work & career,Mitarbeiterin,employee (female)
15. Work & career,Gehalt,salary
15. Work & career,Lohn,wage
15. Work & career,Vertrag,contract
15. Work & career,Kündigung,termination / notice
15. Work & career,Bewerbung,job application
15. Work & career,Lebenslauf,CV / résumé
15. Work & career,Anschreiben,cover letter
15. Work & career,Vorstellungsgespräch,job interview
15. Work & career,Qualifikation,qualification
15. Work & career,Erfahrung,experience
15. Work & career,Ausbildung,training / apprenticeship
15. Work & career,Praktikum,internship
15. Work & career,Arbeitslosigkeit,unemployment
15. Work & career,Arbeitsamt,employment office
15. Work & career,selbstständig,self-employed
15. Work & career,Freelancer,Freelancer
15. Work & career,Firma,company
15. Work & career,Büro,office
15. Work & career,Meeting,meeting
15. Work & career,Projekt,project
15. Work & career,Deadline,deadline
15. Work & career,Verantwortung,responsibility
15. Work & career,Stress,stress
15. Work & career,Feierabend,end of workday
16. Education & study,Universität,university
16. Education & study,Hochschule,university / college
16. Education & study,Fachhochschule,university of applied sciences
16. Education & study,Semester,semester
16. Education & study,Vorlesung,lecture
16. Education & study,Seminar,seminar
16. Education & study,Prüfung,exam
16. Education & study,Test,test
16. Education & study,Note,grade
16. Education & study,Zeugnis,certificate / report card
16. Education & study,Diplom,diploma
16. Education & study,Abschluss,degree / graduation
16. Education & study,Hausaufgaben,homework
16. Education & study,Referat,presentation / talk
16. Education & study,Vortrag,lecture / talk
16. Education & study,Professor,professor (male)
16. Education & study,Professorin,professor (female)
16. Education & study,Dozent,lecturer (male)
16. Education & study,Student,student (male)
16. Education & study,Studentin,student (female)
16. Education & study,Kurs,course
16. Education & study,Lehrbuch,textbook
16. Education & study,Skript,handout / script
16. Education & study,Bibliothek,library
16. Education & study,Anmeldung,registration
16. Education & study,Stipendium,scholarship
16. Education & study,Studiengebühr,tuition fee
16. Education & study,lernen,to learn / study
16. Education & study,studieren,to study (at university)
16. Education & study,bestehen,to pass (an exam)
16. Education & study,durchfallen,to fail (an exam)
17. Travel & transport,Reise,trip / journey
17. Travel & transport,Reisebüro,travel agency
17. Travel & transport,Gepäck,luggage
17. Travel & transport,Handgepäck,carry-on luggage
17. Travel & transport,Koffer,suitcase
17. Travel & transport,Reisepass,passport
17. Travel & transport,Visum,visa
17. Travel & transport,Grenze,border
17. Travel & transport,Zoll,customs
17. Travel & transport,Abfahrt,departure
17. Travel & transport,Ankunft,arrival
17. Travel & transport,Verspätung,delay
17. Travel & transport,Anschluss,connection (transport)
17. Travel & transport,Gleis,platform / track
17. Travel & transport,Bahnsteig,platform
17. Travel & transport,Fahrplan,timetable / schedule
17. Travel & transport,Fahrkarte,ticket (transport)
17. Travel & transport,Einzelfahrkarte,single ticket
17. Travel & transport,Tageskarte,day ticket
17. Travel & transport,Monatskarte,monthly pass
17. Travel & transport,Stornierung,cancellation
17. Travel & transport,Rückfahrt,return trip
17. Travel & transport,Hin- und Rückfahrt,round trip
17. Travel & transport,Autobahn,motorway
17. Travel & transport,Baustelle,construction site
17. Travel & transport,Stau,traffic jam
17. Travel & transport,Parkplatz,parking space
17. Travel & transport,Tankstelle,gas station
17. Travel & transport,Maut,toll
17. Travel & transport,Flug,flight
17. Travel & transport,Flugzeug,airplane
17. Travel & transport,Flughafen,airport
17. Travel & transport,Gate,gate
17. Travel & transport,Boarding,boarding
17. Travel & transport,Landung,landing
17. Travel & transport,Reiseführer,travel guide
17. Travel & transport,Sehenswürdigkeit,sight / attraction
18. Hotels & accommodation,Unterkunft,accommodation
18. Hotels & accommodation,Hotel,hotel
18. Hotels & accommodation,Hostel,hostel
18. Hotels & accommodation,Pension,guesthouse
18. Hotels & accommodation,Ferienwohnung,holiday apartment
18. Hotels & accommodation,Reservierung,reservation
18. Hotels & accommodation,Buchung,booking
18. Hotels & accommodation,Rezeption,reception
18. Hotels & accommodation,Empfang,reception / front desk
18. Hotels & accommodation,Einzelzimmer,single room
18. Hotels & accommodation,Doppelzimmer,double room
18. Hotels & accommodation,Mehrbettzimmer,dorm / shared room
18. Hotels & accommodation,Frühstück,breakfast
18. Hotels & accommodation,Halbpension,half board
18. Hotels & accommodation,Vollpension,full board
18. Hotels & accommodation,Aussicht,view
18. Hotels & accommodation,Balkon,balcony
18. Hotels & accommodation,Handtuch,towel
18. Hotels & accommodation,Bettwäsche,bed linen
18. Hotels & accommodation,Minibar,minibar
18. Hotels & accommodation,Safe,safe
18. Hotels & accommodation,Schlüssel,key
18. Hotels & accommodation,Störungsmeldung,complaint
18. Hotels & accommodation,sauber,clean
18. Hotels & accommodation,schmutzig,dirty
19. Feelings & personality,glücklich,happy
19. Feelings & personality,traurig,sad
19. Feelings & personality,nervös,nervous
19. Feelings & personality,aufgeregt,excited
19. Feelings & personality,ängstlich,anxious / fearful
19. Feelings & personality,stolz,proud
19. Feelings & personality,schüchtern,shy
19. Feelings & personality,freundlich,friendly
19. Feelings & personality,unfreundlich,unfriendly
19. Feelings & personality,geduldig,patient
19. Feelings & personality,ungeduldig,impatient
19. Feelings & personality,ehrlich,honest
19. Feelings & personality,höflich,polite
19. Feelings & personality,selbstbewusst,confident
19. Feelings & personality,unsicher,insecure / uncertain
19. Feelings & personality,optimistisch,optimistic
19. Feelings & personality,pessimistisch,pessimistic
19. Feelings & personality,langweilig,boring
19. Feelings & personality,interessant,interesting
19. Feelings & personality,lustig,funny
19. Feelings & personality,ernst,serious
19. Feelings & personality,wütend,angry
19. Feelings & personality,ruhig,calm / quiet
19. Feelings & personality,gestresst,stressed
19. Feelings & personality,enttäuscht,disappointed
19. Feelings & personality,zufrieden,satisfied
19. Feelings & personality,neidisch,jealous
19. Feelings & personality,dankbar,grateful
19. Feelings & personality,überrascht,surprised
19. Feelings & personality,verliebt,in love
19. Feelings & personality,einsam,lonely
19. Feelings & personality,Stimmung,mood
19. Feelings & personality,Gefühl,feeling
20. Opinions & discussion,Meinung,opinion
20. Opinions & discussion,Ansicht,view / opinion
20. Opinions & discussion,Argument,argument
20. Opinions & discussion,Diskussion,discussion
20. Opinions & discussion,Debatte,debate
20. Opinions & discussion,glauben,to believe
20. Opinions & discussion,finden,to find / think
20. Opinions & discussion,meinen,to mean / think
20. Opinions & discussion,hoffen,to hope
20. Opinions & discussion,wünschen,to wish
20. Opinions & discussion,zustimmen,to agree
20. Opinions & discussion,widersprechen,to disagree
20. Opinions & discussion,behaupten,to claim
20. Opinions & discussion,erwähnen,to mention
20. Opinions & discussion,erklären,to explain
20. Opinions & discussion,beschreiben,to describe
20. Opinions & discussion,vergleichen,to compare
20. Opinions & discussion,Meiner Meinung nach,in my opinion
20. Opinions & discussion,Ich finde …,I think …
20. Opinions & discussion,Das stimmt,That's true
20. Opinions & discussion,Das stimmt nicht,That's not true
21. Media & communication,Nachrichten,news
21. Media & communication,Zeitung,newspaper
21. Media & communication,Zeitschrift,magazine
21. Media & communication,Artikel,article
21. Media & communication,Überschrift,headline
21. Media & communication,Bericht,report
21. Media & communication,Interview,interview
21. Media & communication,Fernsehen,television
21. Media & communication,Sendung,broadcast / show
21. Media & communication,Serie,TV series
21. Media & communication,Film,movie
21. Media & communication,Dokumentation,documentary
21. Media & communication,Werbung,advertisement
21. Media & communication,Radio,radio
21. Media & communication,Podcast,podcast
21. Media & communication,Internet,internet
21. Media & communication,Website,website
21. Media & communication,E-Mail,email
21. Media & communication,Nachricht,message
21. Media & communication,SMS,text message
21. Media & communication,Anruf,phone call
21. Media & communication,anrufen,to call (phone)
21. Media & communication,auflegen,to hang up
21. Media & communication,verbinden,to connect / put through
21. Media & communication,besetzt,engaged / busy (phone)
21. Media & communication,Mailbox,voicemail
21. Media & communication,Chat,chat
21. Media & communication,Post,social media post / mail
22. Technology & internet,Computer,computer
22. Technology & internet,Laptop,laptop
22. Technology & internet,Tablet,tablet
22. Technology & internet,Smartphone,smartphone
22. Technology & internet,Bildschirm,screen
22. Technology & internet,Tastatur,keyboard
22. Technology & internet,Maus,computer mouse
22. Technology & internet,Drucker,printer
22. Technology & internet,Passwort,password
22. Technology & internet,Benutzername,username
22. Technology & internet,Anmeldung,login / registration
22. Technology & internet,Abmeldung,logout
22. Technology & internet,Datei,file
22. Technology & internet,Ordner,folder
22. Technology & internet,Speicher,memory / storage
22. Technology & internet,Software,software
22. Technology & internet,App,app
22. Technology & internet,Update,update
22. Technology & internet,herunterladen,to download
22. Technology & internet,hochladen,to upload
22. Technology & internet,installieren,to install
22. Technology & internet,löschen,to delete
22. Technology & internet,speichern,to save
22. Technology & internet,drucken,to print
22. Technology & internet,online,online
22. Technology & internet,offline,offline
23. Household & housing,Wohnung,apartment
23. Household & housing,Mietvertrag,rental contract
23. Household & housing,Miete,rent
23. Household & housing,Nebenkosten,utilities / service charges
23. Household & housing,Kaution,deposit (rental)
23. Household & housing,Umzug,move (relocation)
23. Household & housing,Einzug,move-in
23. Household & housing,Auszug,move-out
23. Household & housing,Haushalt,household
23. Household & housing,Putzen,cleaning
23. Household & housing,Waschmaschine,washing machine
23. Household & housing,Spülmaschine,dishwasher
23. Household & housing,Staubsauger,vacuum cleaner
23. Household & housing,Bügeleisen,iron
23. Household & housing,Wäsche,laundry
23. Household & housing,Müll,trash / garbage
23. Household & housing,Mülltonne,garbage bin
23. Household & housing,recyceln,to recycle
23. Household & housing,Trennungsmüll,separated waste
23. Household & housing,Reparatur,repair
23. Household & housing,Handwerker,craftsman / tradesperson
23. Household & housing,Klempner,plumber
23. Household & housing,Elektriker,electrician
23. Household & housing,Nachbar,neighbor (male)
23. Household & housing,Nachbarin,neighbor (female)
23. Household & housing,Lärm,noise
23. Household & housing,Heizung,heating
23. Household & housing,Klimaanlage,air conditioning
23. Household & housing,Keller,basement / cellar
23. Household & housing,Dachboden,attic
23. Household & housing,Treppe,stairs
23. Household & housing,Aufzug,elevator
24. Bureaucracy & services,Behörde,authority / office
24. Bureaucracy & services,Rathaus,town hall
24. Bureaucracy & services,Bürgeramt,citizens' office
24. Bureaucracy & services,Ausländerbehörde,immigration office
24. Bureaucracy & services,Formular,form
24. Bureaucracy & services,Antrag,application
24. Bureaucracy & services,Genehmigung,permit / approval
24. Bureaucracy & services,Aufenthaltserlaubnis,residence permit
24. Bureaucracy & services,Personalausweis,ID card
24. Bureaucracy & services,Meldebescheinigung,registration certificate
24. Bureaucracy & services,Anmeldung,registration
24. Bureaucracy & services,Termin,appointment
24. Bureaucracy & services,Wartezimmer,waiting room
24. Bureaucracy & services,Schlange,queue / line
24. Bureaucracy & services,Öffnungszeiten,opening hours
24. Bureaucracy & services,Post,post office / mail
24. Bureaucracy & services,Brief,letter
24. Bureaucracy & services,Paket,parcel / package
24. Bureaucracy & services,Briefmarke,stamp
24. Bureaucracy & services,Adresse,address
24. Bureaucracy & services,Unterschrift,signature
24. Bureaucracy & services,Kopie,copy
24. Bureaucracy & services,Original,original
24. Bureaucracy & services,Stempel,stamp (official)
24. Bureaucracy & services,versichert,insured
24. Bureaucracy & services,Versicherung,insurance
24. Bureaucracy & services,Krankenversicherung,health insurance
25. Money & banking,Geld,money
25. Money & banking,Bargeld,cash
25. Money & banking,Konto,account
25. Money & banking,Bank,bank
25. Money & banking,Geldautomat,ATM
25. Money & banking,Überweisung,bank transfer
25. Money & banking,Rechnung,invoice / bill
25. Money & banking,Quittung,receipt
25. Money & banking,Preis,price
25. Money & banking,Kosten,costs
25. Money & banking,Rabatt,discount
25. Money & banking,Angebot,offer / special
25. Money & banking,teuer,expensive
25. Money & banking,billig,cheap
25. Money & banking,kostenlos,free of charge
25. Money & banking,bezahlen,to pay
25. Money & banking,abheben,to withdraw (money)
25. Money & banking,einzahlen,to deposit
25. Money & banking,sparen,to save (money)
25. Money & banking,Schulden,debts
25. Money & banking,Kredit,loan / credit
25. Money & banking,Steuer,tax
25. Money & banking,Gehalt,salary
25. Money & banking,Portemonnaie,wallet
26. Shopping & services,Geschäft,shop / store
26. Shopping & services,Kundenservice,customer service
26. Shopping & services,Reklamation,complaint (product)
26. Shopping & services,Umtausch,exchange
26. Shopping & services,Rückgabe,return (product)
26. Shopping & services,Garantie,warranty
26. Shopping & services,Größe,size
26. Shopping & services,Farbe,color
26. Shopping & services,Anprobe,fitting / try-on
26. Shopping & services,Ankleidekabine,fitting room
26. Shopping & services,Schlange anstehen,to stand in line
26. Shopping & services,beraten,to advise
26. Shopping & services,empfehlen,to recommend
26. Shopping & services,bestellen,to order
26. Shopping & services,liefern,to deliver
26. Shopping & services,Lieferung,delivery
26. Shopping & services,online bestellen,to order online
26. Shopping & services,Markt,market
26. Shopping & services,Supermarkt,supermarket
26. Shopping & services,Bäckerei,bakery
26. Shopping & services,Metzgerei,butcher shop
26. Shopping & services,Apotheke,pharmacy
27. Food & cooking (A2),Zutat,ingredient
27. Food & cooking (A2),Rezept,recipe
27. Food & cooking (A2),kochen,to cook
27. Food & cooking (A2),backen,to bake
27. Food & cooking (A2),braten,to fry / roast
27. Food & cooking (A2),schneiden,to cut
27. Food & cooking (A2),schälen,to peel
27. Food & cooking (A2),mischen,to mix
27. Food & cooking (A2),schmecken,to taste
27. Food & cooking (A2),würzen,to season
27. Food & cooking (A2),süß,sweet
27. Food & cooking (A2),salzig,salty
27. Food & cooking (A2),sauer,sour
27. Food & cooking (A2),scharf,spicy / hot
27. Food & cooking (A2),frisch,fresh
27. Food & cooking (A2),gefroren,frozen
27. Food & cooking (A2),Bio,bio / organic
27. Food & cooking (A2),vegetarisch,vegetarian
27. Food & cooking (A2),vegan,vegan
27. Food & cooking (A2),Allergie,allergy
27. Food & cooking (A2),Nahrung,food / nourishment
27. Food & cooking (A2),Mahlzeit,meal
27. Food & cooking (A2),Frühstück,breakfast
27. Food & cooking (A2),Mittagessen,lunch
27. Food & cooking (A2),Abendessen,dinner
27. Food & cooking (A2),Snack,snack
27. Food & cooking (A2),Vorspeise,appetizer / starter
27. Food & cooking (A2),Hauptgericht,main course
27. Food & cooking (A2),Nachtisch,dessert
27. Food & cooking (A2),Getränk,drink / beverage
27. Food & cooking (A2),Speisekarte,menu
27. Food & cooking (A2),bestellen,to order (food)
27. Food & cooking (A2),Reservierung,reservation (restaurant)
27. Food & cooking (A2),Trinkgeld,tip (gratuity)
27. Food & cooking (A2),Nudeln,pasta / noodles
27. Food & cooking (A2),Reis,rice
27. Food & cooking (A2),Kartoffeln,potatoes
27. Food & cooking (A2),Salat,salad
27. Food & cooking (A2),Suppe,soup
27. Food & cooking (A2),Soße,sauce / gravy
27. Food & cooking (A2),Käse,cheese
27. Food & cooking (A2),Joghurt,yogurt
27. Food & cooking (A2),Butter,butter
27. Food & cooking (A2),Öl,oil
27. Food & cooking (A2),Essig,vinegar
27. Food & cooking (A2),Gewürz,spice
27. Food & cooking (A2),Zucker,sugar
27. Food & cooking (A2),Mehl,flour
28. Clothes & appearance,Kleidung,clothing
28. Clothes & appearance,Outfit,outfit
28. Clothes & appearance,Mode,fashion
28. Clothes & appearance,Stil,style
28. Clothes & appearance,Größe,size
28. Clothes & appearance,eng,tight
28. Clothes & appearance,weit,loose / wide
28. Clothes & appearance,passen,to fit / suit
28. Clothes & appearance,anziehen,to put on
28. Clothes & appearance,ausziehen,to take off
28. Clothes & appearance,tragen,to wear / carry
28. Clothes & appearance,Waschhinweis,care label
28. Clothes & appearance,bügeln,to iron
28. Clothes & appearance,Waschmaschine,washing machine
28. Clothes & appearance,Anzug,suit
28. Clothes & appearance,Krawatte,necktie
28. Clothes & appearance,Bluse,blouse
28. Clothes & appearance,Rock,skirt
28. Clothes & appearance,Shorts,shorts
28. Clothes & appearance,Turnschuhe,sneakers
28. Clothes & appearance,Stiefel,boots
28. Clothes & appearance,Sandalen,sandals
28. Clothes & appearance,Mütze,cap / hat
28. Clothes & appearance,Schal,scarf
28. Clothes & appearance,Handschuhe,gloves
28. Clothes & appearance,Sonnenbrille,sunglasses
28. Clothes & appearance,Schmuck,jewelry
28. Clothes & appearance,Frisur,hairstyle
28. Clothes & appearance,Make-up,make-up
29. Environment & nature,Umwelt,environment
29. Environment & nature,Natur,nature
29. Environment & nature,Klima,climate
29. Environment & nature,Klimawandel,climate change
29. Environment & nature,Verschmutzung,pollution
29. Environment & nature,Recycling,recycling
29. Environment & nature,Energie,energy
29. Environment & nature,Strom,electricity
29. Environment & nature,Solar,solar
29. Environment & nature,Windkraft,wind power
29. Environment & nature,Wald,forest
29. Environment & nature,Baum,tree
29. Environment & nature,Fluss,river
29. Environment & nature,See,lake
29. Environment & nature,Meer,sea / ocean
29. Environment & nature,Insel,island
29. Environment & nature,Berg,mountain
29. Environment & nature,Tal,valley
29. Environment & nature,Landschaft,landscape
29. Environment & nature,Tier,animal
29. Environment & nature,Vogel,bird
29. Environment & nature,Insekt,insect
29. Environment & nature,Pflanze,plant
29. Environment & nature,Blume,flower
29. Environment & nature,Naturschutz,nature conservation
29. Environment & nature,Mülltonne,garbage bin
29. Environment & nature,sauber halten,to keep clean
30. Weather & seasons,Wetter,weather
30. Weather & seasons,Wetterbericht,weather forecast
30. Weather & seasons,Temperatur,temperature
30. Weather & seasons,Grad,degree (temperature)
30. Weather & seasons,sonnig,sunny
30. Weather & seasons,bewölkt,cloudy
30. Weather & seasons,regnerisch,rainy
30. Weather & seasons,windig,windy
30. Weather & seasons,schneien,to snow
30. Weather & seasons,regnen,to rain
30. Weather & seasons,Donner,thunder
30. Weather & seasons,Blitz,lightning
30. Weather & seasons,Gewitter,thunderstorm
30. Weather & seasons,Nebel,fog
30. Weather & seasons,Frost,frost
30. Weather & seasons,Hitze,heat
30. Weather & seasons,Kälte,cold
30. Weather & seasons,Frühling,spring
30. Weather & seasons,Sommer,summer
30. Weather & seasons,Herbst,autumn / fall
30. Weather & seasons,Winter,winter
31. Culture & entertainment,Kultur,culture
31. Culture & entertainment,Konzert,concert
31. Culture & entertainment,Theater,theater
31. Culture & entertainment,Museum,museum
31. Culture & entertainment,Ausstellung,exhibition
31. Culture & entertainment,Festival,festival
31. Culture & entertainment,Veranstaltung,event
31. Culture & entertainment,Einladung,invitation
31. Culture & entertainment,Ticket,ticket
31. Culture & entertainment,Eintritt,admission / entry
31. Culture & entertainment,Künstler,artist (male)
31. Culture & entertainment,Künstlerin,artist (female)
31. Culture & entertainment,Musik,music
31. Culture & entertainment,Lied,song
31. Culture & entertainment,Band,band
31. Culture & entertainment,Tanz,dance
31. Culture & entertainment,tanzen,to dance
31. Culture & entertainment,singen,to sing
31. Culture & entertainment,malen,to paint
31. Culture & entertainment,zeichnen,to draw
31. Culture & entertainment,Fotografie,photography
31. Culture & entertainment,Kino,cinema
31. Culture & entertainment,Buch,book
31. Culture & entertainment,Roman,novel
31. Culture & entertainment,Gedicht,poem
31. Culture & entertainment,Autor,author (male)
31. Culture & entertainment,Autorin,author (female)
32. Sports & leisure,Sport,sport
32. Sports & leisure,Training,training
32. Sports & leisure,Mannschaft,team
32. Sports & leisure,Spieler,player (male)
32. Sports & leisure,Spielerin,player (female)
32. Sports & leisure,Trainer,coach (male)
32. Sports & leisure,Trainerin,coach (female)
32. Sports & leisure,Wettkampf,competition
32. Sports & leisure,Sieg,victory / win
32. Sports & leisure,Niederlage,defeat
32. Sports & leisure,Unentschieden,draw / tie
32. Sports & leisure,Fußball,soccer / football
32. Sports & leisure,Basketball,basketball
32. Sports & leisure,Volleyball,volleyball
32. Sports & leisure,Tennis,tennis
32. Sports & leisure,Schwimmen,swimming
32. Sports & leisure,Joggen,jogging
32. Sports & leisure,Wandern,hiking
32. Sports & leisure,Radfahren,cycling
32. Sports & leisure,Skifahren,skiing
32. Sports & leisure,Fitnessstudio,gym
32. Sports & leisure,Hobby,hobby
32. Sports & leisure,Freizeit,leisure time
32. Sports & leisure,Spiel,game
32. Sports & leisure,Spielplatz,playground
33. Celebrations & traditions,Feiertag,public holiday
33. Celebrations & traditions,Weihnachten,Christmas
33. Celebrations & traditions,Ostern,Easter
33. Celebrations & traditions,Silvester,New Year's Eve
33. Celebrations & traditions,Geburtstag,birthday
33. Celebrations & traditions,Hochzeit,wedding
33. Celebrations & traditions,Party,party
33. Celebrations & traditions,Feier,celebration
33. Celebrations & traditions,Geschenk,gift / present
33. Celebrations & traditions,Gratulation,congratulation
33. Celebrations & traditions,Glückwunsch,congratulations
33. Celebrations & traditions,Tradition,tradition
33. Celebrations & traditions,Brauch,custom / tradition
33. Celebrations & traditions,feiern,to celebrate
33. Celebrations & traditions,gratulieren,to congratulate
33. Celebrations & traditions,einladen,to invite
33. Celebrations & traditions,schenken,to give (as gift)
33. Celebrations & traditions,anstoßen,to toast
33. Celebrations & traditions,Prost,cheers
34. Social life & relationships,Freundschaft,friendship
34. Social life & relationships,Beziehung,relationship
34. Social life & relationships,Partner,partner (male)
34. Social life & relationships,Partnerin,partner (female)
34. Social life & relationships,Verabredung,date / appointment
34. Social life & relationships,Treffen,meeting / get-together
34. Social life & relationships,Besuch,visit
34. Social life & relationships,besuchen,to visit
34. Social life & relationships,einladen,to invite
34. Social life & relationships,empfangen,to receive / host
34. Social life & relationships,kennenlernen,to get to know
34. Social life & relationships,sich verstehen,to get along
34. Social life & relationships,streiten,to argue
34. Social life & relationships,sich versöhnen,to reconcile
34. Social life & relationships,Heirat,marriage
34. Social life & relationships,heiraten,to marry
34. Social life & relationships,scheiden,to divorce
34. Social life & relationships,Kind,child
34. Social life & relationships,Großeltern,grandparents
34. Social life & relationships,Nachbarschaft,neighborhood
34. Social life & relationships,Gemeinschaft,community
35. Emergencies & safety,Notfall,emergency
35. Emergencies & safety,Feuer,fire
35. Emergencies & safety,Brand,fire (blaze)
35. Emergencies & safety,Rauch,smoke
35. Emergencies & safety,Alarm,alarm
35. Emergencies & safety,Feuerwehr,fire department
35. Emergencies & safety,Polizei,police
35. Emergencies & safety,Polizeiwache,police station
35. Emergencies & safety,Unfall,accident
35. Emergencies & safety,Verletzte,injured person
35. Emergencies & safety,Erste Hilfe,first aid
35. Emergencies & safety,Notruf,emergency call
35. Emergencies & safety,Rettungsdienst,emergency services
35. Emergencies & safety,Krankenwagen,ambulance
35. Emergencies & safety,Diebstahl,theft
35. Emergencies & safety,Einbruch,burglary
35. Emergencies & safety,anzeigen,to report (to police)
35. Emergencies & safety,vorsichtig,careful
35. Emergencies & safety,gefährlich,dangerous
35. Emergencies & safety,sicher,safe / secure
36. Useful A2 adjectives,wichtig,important
36. Useful A2 adjectives,notwendig,necessary
36. Useful A2 adjectives,möglich,possible
36. Useful A2 adjectives,unmöglich,impossible
36. Useful A2 adjectives,einfach,easy / simple
36. Useful A2 adjectives,schwierig,difficult
36. Useful A2 adjectives,richtig,correct
36. Useful A2 adjectives,falsch,wrong / false
36. Useful A2 adjectives,ähnlich,similar
36. Useful A2 adjectives,verschieden,different / various
36. Useful A2 adjectives,besonders,especially / special
36. Useful A2 adjectives,normal,normal
36. Useful A2 adjectives,typisch,typical
36. Useful A2 adjectives,allgemein,general
36. Useful A2 adjectives,international,international
36. Useful A2 adjectives,lokal,local
36. Useful A2 adjectives,modern,modern
36. Useful A2 adjectives,traditionell,traditional
36. Useful A2 adjectives,praktisch,practical
36. Useful A2 adjectives,bequem,comfortable
36. Useful A2 adjectives,unbequem,uncomfortable
36. Useful A2 adjectives,aktuell,current
36. Useful A2 adjectives,früher,earlier / in the past
36. Useful A2 adjectives,später,later
36. Useful A2 adjectives,plötzlich,suddenly
36. Useful A2 adjectives,langsam,slow
36. Useful A2 adjectives,schnell,fast
36. Useful A2 adjectives,laut,loud
36. Useful A2 adjectives,leise,quiet
36. Useful A2 adjectives,hell,bright
36. Useful A2 adjectives,dunkel,dark
36. Useful A2 adjectives,voll,full
36. Useful A2 adjectives,leer,empty
36. Useful A2 adjectives,kaputt,broken
36. Useful A2 adjectives,neu,new
36. Useful A2 adjectives,alt,old
37. Useful A2 adverbs,leider,unfortunately
37. Useful A2 adverbs,glücklicherweise,fortunately
37. Useful A2 adverbs,vielleicht,perhaps
37. Useful A2 adverbs,wahrscheinlich,probably
37. Useful A2 adverbs,bestimmt,certainly / definitely
37. Useful A2 adverbs,genau,exactly
37. Useful A2 adverbs,fast,almost
37. Useful A2 adverbs,kaum,hardly / barely
37. Useful A2 adverbs,überall,everywhere
37. Useful A2 adverbs,nirgendwo,nowhere
37. Useful A2 adverbs,irgendwo,somewhere
37. Useful A2 adverbs,irgendwann,sometime
37. Useful A2 adverbs,manchmal,sometimes
37. Useful A2 adverbs,oft,often
37. Useful A2 adverbs,selten,rarely
37. Useful A2 adverbs,immer,always
37. Useful A2 adverbs,nie,never
37. Useful A2 adverbs,plötzlich,suddenly
37. Useful A2 adverbs,deshalb,therefore
37. Useful A2 adverbs,trotzdem,nevertheless
37. Useful A2 adverbs,außerdem,besides / moreover
37. Useful A2 adverbs,zuerst,first
37. Useful A2 adverbs,dann,then
37. Useful A2 adverbs,schließlich,finally
37. Useful A2 adverbs,gleichzeitig,at the same time
37. Useful A2 adverbs,regelmäßig,regularly
37. Useful A2 adverbs,sofort,immediately
38. Useful A2 verbs,werden,to become
38. Useful A2 verbs,bleiben,to stay / remain
38. Useful A2 verbs,brauchen,to need
38. Useful A2 verbs,bekommen,to receive / get
38. Useful A2 verbs,kosten,to cost
38. Useful A2 verbs,passieren,to happen
38. Useful A2 verbs,bedeuten,to mean
38. Useful A2 verbs,erklären,to explain
38. Useful A2 verbs,vergessen,to forget
38. Useful A2 verbs,verlieren,to lose
38. Useful A2 verbs,gewinnen,to win
38. Useful A2 verbs,einkaufen,to shop
38. Useful A2 verbs,verkaufen,to sell
38. Useful A2 verbs,leihen,to lend / borrow
38. Useful A2 verbs,schicken,to send
38. Useful A2 verbs,empfangen,to receive
38. Useful A2 verbs,verbieten,to forbid
38. Useful A2 verbs,erlauben,to allow
38. Useful A2 verbs,empfehlen,to recommend
38. Useful A2 verbs,entscheiden,to decide
38. Useful A2 verbs,planen,to plan
38. Useful A2 verbs,vorbereiten,to prepare
38. Useful A2 verbs,organisieren,to organize
38. Useful A2 verbs,ändern,to change
38. Useful A2 verbs,verbessern,to improve
38. Useful A2 verbs,versuchen,to try / attempt
38. Useful A2 verbs,schaffen,to manage / create
38. Useful A2 verbs,klappen,to work out / succeed
38. Useful A2 verbs,misslingen,to fail
38. Useful A2 verbs,funktionieren,to function / work
38. Useful A2 verbs,reparieren,to repair
38. Useful A2 verbs,bauen,to build
38. Useful A2 verbs,zerstören,to destroy
38. Useful A2 verbs,öffnen,to open
38. Useful A2 verbs,schließen,to close
38. Useful A2 verbs,beginnen,to begin
38. Useful A2 verbs,beenden,to end
38. Useful A2 verbs,fortsetzen,to continue
38. Useful A2 verbs,aufhören,to stop
38. Useful A2 verbs,warten,to wait
38. Useful A2 verbs,erwarten,to expect
38. Useful A2 verbs,hoffen,to hope
38. Useful A2 verbs,fürchten,to fear
38. Useful A2 verbs,lieben,to love
38. Useful A2 verbs,mögen,to like
38. Useful A2 verbs,hassen,to hate
38. Useful A2 verbs,vermissen,to miss (someone)
38. Useful A2 verbs,feiern,to celebrate
38. Useful A2 verbs,reisen,to travel
38. Useful A2 verbs,fliegen,to fly
38. Useful A2 verbs,packen,to pack
38. Useful A2 verbs,unterschreiben,to sign
38. Useful A2 verbs,ausfüllen,to fill out (a form)
38. Useful A2 verbs,mitbringen,to bring along
38. Useful A2 verbs,mitnehmen,to take along
38. Useful A2 verbs,zurückkehren,to return
39. Abstract nouns & concepts,Problem,problem
39. Abstract nouns & concepts,Lösung,solution
39. Abstract nouns & concepts,Frage,question
39. Abstract nouns & concepts,Antwort,answer
39. Abstract nouns & concepts,Information,information
39. Abstract nouns & concepts,Regel,rule
39. Abstract nouns & concepts,Gesetz,law
39. Abstract nouns & concepts,Recht,right / law
39. Abstract nouns & concepts,Pflicht,duty / obligation
39. Abstract nouns & concepts,Chance,opportunity / chance
39. Abstract nouns & concepts,Risiko,risk
39. Abstract nouns & concepts,Erfolg,success
39. Abstract nouns & concepts,Misserfolg,failure
39. Abstract nouns & concepts,Grund,reason
39. Abstract nouns & concepts,Ursache,cause
39. Abstract nouns & concepts,Folge,consequence
39. Abstract nouns & concepts,Ziel,goal / aim
39. Abstract nouns & concepts,Plan,plan
39. Abstract nouns & concepts,Idee,idea
39. Abstract nouns & concepts,Beispiel,example
39. Abstract nouns & concepts,Unterschied,difference
39. Abstract nouns & concepts,Gemeinsamkeit,similarity / common ground
39. Abstract nouns & concepts,Entwicklung,development
39. Abstract nouns & concepts,Veränderung,change
39. Abstract nouns & concepts,Fortschritt,progress
39. Abstract nouns & concepts,Tradition,tradition
39. Abstract nouns & concepts,Kultur,culture
